Category	Book	Level Range / Style	Recipes Taught	Proficiencies
Archery	Archery for Kids	0-1	arrow rest (2); bow dampening kit (1); bow scope (2); bow stabilizer (3); bow stabilizer system (3); primitive bow dampening kit (1); single pin bow sight (2); wooden arrow rest (2)	
Archery	Lessons for the Novice Bowhunter	0-2	bullet crossbow (2); crude wooden arrow (1); crude wooden bolt (1); double-string crossbow (2); hand crossbow (4); horn-tipped arrow (2); latchet crossbow (2); light crossbow (2); monster tooth arrow (2); stone-tipped arrow (2); wooden arrow (2); wooden short bow (2); wooden target bow (4); wooden war bow (7)	
Archery	Zen and the Art of Archery	0-3	arrow rest (1); bow dampening kit (1); bow scope (1); bow stabilizer (2); bow stabilizer system (2); bullet crossbow (3); composite bow (5); double-string crossbow (3); hand crossbow (5); latchet crossbow (3); light crossbow (3); primitive bow dampening kit (1); single pin bow sight (1); wooden arrow rest (1); wooden short bow (2); wooden target bow (4); wooden war bow (6)	
Athletics	Swim Planet	0-1	swim fins (3)	
Athletics	Water Survival Training Field Manual	0-3	rebreather mask (3); rebreather oxygen regenerator cartridge (3); rebreather scrubber cartridge, air tank (3); rebreather scrubber cartridge, oxygen tank (3); swim fins (2)	
Bashing Weapons	Batter Up!	0-1		
Bashing Weapons	tactical baton defense manual	0-3		
Computers	Computer Science 101	0-3		
Computers	Computer Science 301	3-5		
Computers	Computer World	0-1		
Computers	How to Browse the Web	0-2		
Computers	Principles of Advanced Programming	4-6		
Computers	Pro Hacker Secrets	2-4		
Computers	SICP	5-8		
Computers	Web Design Basics	1-3		
Cooking	Blood for the Greater Good	1-2	'very' Bloody Mary cocktail (2); blodplättar (2); blood rice pudding (2); blood soup (2); blutwurst (2)	
Cooking	Bon Appetit	0-1	cheesy baked spinach casserole (1); condensed milk (2); condensed milk (3); fish and spinach bagel (2); fish noodle casserole (1); fruit filled gelatin dessert (3); fruit filled vegan gelatin dessert (1); homemade gelatin dessert (3); honey mustard (1); hot corn casserole (1); lazy lobster casserole (1); mayonnaise (1); serving of chocolate ice cream (0); serving of ice cream (0); sloppy joe (1); vegan gelatin dessert (1)	
Cooking	Can Sealer Instructions	0-1	bone broth (3); canned beans (3); canned fish (4); canned fruit (3); canned lobster (4); canned meat (4); canned offal (4); canned tomato (3); canned vegetable (3); coconut milk (1); fish soup (3); meat broth (3); meat soup (3); mushroom soup (3); tomato sauce (3); vegetable broth (3); vegetable soup (3); wet cat food (4); wet dog food (4); woods meat soup (3)	Canning Food; Food Preservation
Cooking	Cooking on a Budget	0-3	bread (2); brown bread (2); canned beans (4); canned fruit (4); canned heart (6); canned liver (6); canned meat (4); canned offal (4); canned vegetable (4); charcoal smoker (3); cracker (2); deep-fried tripe (1); deviled kidney (2); flatbread (1); freshly fed sourdough starter (2); fried brain (2); fried heart (1); fried liver (2); fruit jam (1); grilled sweetbread (1); hamburger helper (1); hobo stove (2); honey mustard (1); humble pie (1); juvenile sourdough starter (2); leverpostej (3); liver & onions (0); lutefisk (4); mayonnaise (1); meat broth (4); new york wiener (1); pickled offal (6); pumpkin muffin (3); pumpkin yeast bread (2); scrapple (2); sourdough bread (2); stewed tripe (1); stone quern (3); vegetable broth (4); vegetable pie (3); vegetable soup (4); wastebread (3)	Breadmaking; Culinary Fermentation; Dessert Baking; Lactofermentation; Principles of Baking
Cooking	Cucina Italiana	3-4	amatriciana pasta (3); bread (3); canned tomato (4); cheese pizza (2); chili con carne (2); condensed milk (2); condensed milk (3); eggplant parmigiana (2); freshly fed sourdough starter (3); garlic bread (1); garlic powder (1); Italian seasoning (2); juvenile sourdough starter (3); lasagne (3); mascarpone (3); meat pizza (2); pasta carbonara (3); pesto (2); raw meatball (2); serving of gelato (1); sourdough bread (3); spaghetti al pesto (3); spaghetti bolognese (3); supreme pizza (3); tiramisù (2); tomato sauce (4); vegetable pizza (2)	
Cooking	Dainty Dishes Fit for a King	1-3	brioche (5); brown bread (2); cake (6); cooked burdock greens (2); dandelion tea (2); fried burdocks (2); fried dandelions and burdocks (2); glazed tenderloins (5); hamburger helper (4); lobster platter (5); maple pie (7); onigiri (3); sponge cake (6); vegetable aspic (4)	
Cooking	Drink the Harvest	2-4	apple cider (2); cranberry juice (2); fruit juice (2); orange juice (2)	Canning Food; Food Preservation
Cooking	Eat Your Way to a Fit Physique	0-1	bone broth (5); fried tofu (3); tofu (4); vegetable pizza (3)	
Cooking	family cookbook	1-5	bratwurst (2); bread (1); brown bread (1); burdock wine must (2); butter churn (4); chamomile tea (1); chicory brew (1); cloutie dumplings (6); condensed milk (2); condensed milk (3); cooked bamboo shoots (2); cooked burdock greens (1); Cullen skink (4); dandelion tea (1); dandelion wine must (2); deviled kidney (2); eggnog (2); escargot (2); fish and spinach bagel (2); freshly fed sourdough starter (2); fried bamboo shoots (2); fried burdocks (1); fried dandelions and burdocks (1); fried liver (2); fruit filled gelatin dessert (3); fruit filled vegan gelatin dessert (1); fruit pie (3); glazed tenderloins (5); gummy candy (2); hickory nut ambrosia (5); homemade gelatin dessert (3); juvenile sourdough starter (2); leverpostej (3); lobster platter (5); lotus tea (1); maple syrup candy (5); meat confit (3); Melitzanosalata (2); Mexican hot chocolate (2); moonshine mash (1); pine needle tea (1); pumpkin muffin (3); pumpkin yeast bread (1); raw meatball (2); raw sausage (2); scrapple (2); sloppy joe (1); smoked sausage (2); soaking dandelion (2); sourdough bread (2); spiked eggnog (2); spurge tea (1); sweet sausage (4); unfermented root beer (2); Valencian paella (2); vegan gelatin dessert (1); vegan gummy candy (2)	Breadmaking; Dessert Baking; Principles of Baking; Principles of Frying
Cooking	Fermenting Culture	3-6	fermenting eggs jar (4); fermenting pickle jar (3); fermenting sauerkraut jar (2); sauerkraut w/ sauteed onions (2)	Culinary Fermentation; Lactofermentation
Cooking	Food Fashions for Young Moderns	2-4	donut holes (5); fermenting sauerkraut jar (4); hickory nut ambrosia (6); honey mustard (1); lutefisk (4); maple pie (3); mayonnaise (1); sashimi (4); sauerkraut w/ sauteed onions (3); spaghetti al pesto (4); sugar (5)	
Cooking	Glamopolitan	0-1	fairy bread (1); faux gras (5)	
Cooking	La Vida Deliciosa: Definitive Mexican Cuisine	1-4	beans and rice (1); chili con carne (2); chili powder (1); corn tortilla (1); cornmeal (1); deluxe beans and rice (2); deluxe vegetarian beans and rice (1); flour tortilla (1); homemade burrito (3); hominy (4); horchata (3); Mexican hot chocolate (1); nopalito (0); salsa (1); seasoned salt (2); taco (1); tortilla chips (2)	
Cooking	Liver-Licious Recipes Your Kids Will Love	1-2	faux gras (5); fried liver (1); haggis (4); leverpostej (1); liver & onions (1)	
Cooking	Native American Foodways	2-3	akutaq (1); akutaq with fruit (1); frybread (1); hazelnut cake (1); Indian taco (1); pemmican (1); pemmican with fruit (1); pemmican with vegetables (1); succotash (1); succotash deluxe (1); three sisters stew (1)	Breading & Battering; Forager Cooking
Cooking	Offal Holiday Cooking	1-3	artificial sausage casing (3); homemade hot dog (3); lung provence (2); sausage casing (3); scrambled eggs and brain (2); stuffed heart (2); töttchen (2)	Principles of Frying
Cooking	Out of the Holler and into the Home: A guide to home distillation	3-5	brandy (2); denatured alcohol; ethanol (4); gin (4); gin mash (3); moonshine (1); moonshine mash (1); rum (4); rum wort (4); screw press (1); still (3); vodka (4); vodka wort (4); whiskey (4); whiskey wort (5)	Beverage Distillation; Brewing; Culinary Fermentation; Distillation; Winemaking
Cooking	Sushi Made Easy	1-4	cooked bamboo shoots (2); fish makizushi (3); fried bamboo shoots (2); fried tofu (2); meat temaki (3); onigiri (2); sashimi (4); soy and wheat dough (6); soy sauce (3); sushi rice (2); tofu (3); tofu stirfry (3); unfermented soy sauce (6); vegetable hosomaki (3)	
Cooking	Sweets for your Sweet Child	0-2	cake (3); cookie (2); fruit filled gelatin dessert (1); fruit filled vegan gelatin dessert (1); fruit jam (1); fruit pie (3); gummy candy (2); homemade gelatin dessert (1); maple pie (3); maple syrup candy (4); s'mores (3); sloppy joe (1); vegan gelatin dessert (1); vegan gummy candy (2)	Dessert Baking; Principles of Baking
Cooking	Tasting India	1-3	curry (1); curry with meat (1); flatbread (1); ghee (1); vegetable samosa (2)	
Cooking	The Baker's Companion	2-5	bread (1); brioche (3); brown bread (2); cake (2); cookie (1); cracker (2); donut holes (2); freshly fed sourdough starter (2); fruit filled gelatin dessert (1); fruit filled vegan gelatin dessert (1); fruit pie (3); gummy candy (2); homemade gelatin dessert (1); juvenile sourdough starter (2); maple pie (3); meat pie (2); pumpkin muffin (2); pumpkin yeast bread (1); sourdough bread (2); sponge cake (3); strudel (3); vegan gelatin dessert (1); vegan gummy candy (2); vegetable pie (2)	Breadmaking; Dessert Baking; Patisserie Expert; Principles of Baking
Cooking	The Homebrewer's Bible	2-4	beer wort (4); burdock wine must (3); dandelion wine must (3); fruit wine must (2); growing wild koji mold (6); hopped mead must (2); malting grain (4); moonshine mash (1); plain mead must (2); sake (6); sake mash (6); seltzer wort (4); soaking dandelion (3); spiced mead must (2); unfermented root beer (2); unfinished koji rice (6)	Brewing; Culinary Fermentation; Winemaking
Cooking	The Turkish Cookbook	0-2	baklava (2); iskender kebab (2); kiymali pide (2); lahmacun (2); manti (2); menemen (2); sarma (2)	
Cooking	The Vinegar Maker's Handbook	1-3	unfermented vinegar (1); vinegar (1)	Brewing; Culinary Fermentation; Distillation; Winemaking
Cooking	Things to Do with Milk	2-5	condensed milk (2); cottage cheese (1); cottage cheese with fruit (1); cottage cheese with savory vegetables (1); curdling milk (3); fermenting yogurt (3); fried mozzarella sticks (1); hard cheese (3); mozzarella cheese (1); raw butter (3); serving of chocolate ice cream (2); serving of frozen custard (2); serving of frozen yogurt (2); serving of ice cream (2); serving of sorbet (2)	Cheesemaking Expert; Principles of Cheesemaking
Cooking	To Serve Man	2-4		
Cooking	Vacuum Sealer Instructions	0-1	fruit in syrup (1); post apocalyptic 'caviar' (1); salted vegetable chunk (1)	Food Preservation
Cooking	Winemaking for Beginners	1-2	brandy (2); fruit wine must (2); plain mead must (2); screw press (1); seltzer wort (2); unfermented vinegar (3)	Brewing; Culinary Fermentation; Winemaking
Cooking	Ye Scots Beuk o Cuikery	2-4	bagpipes (7); bratwurst (2); cloutie dumplings (2); Cullen skink (2); deep-fried tripe (2); fried brain (2); grilled sweetbread (2); haggis (3); humble pie (2); kilt (3); liver & onions (2); meat confit (2); meat pie (3); raw sausage (2); sausage casing (3); smoked sausage (2); stewed tripe (2); utility kilt (7); vegetable pie (3); whiskey wort (5)	
Cooking	You Can Can at Home	0-1	bone broth (3); canned beans (3); canned fish (3); canned fruit (3); canned heart (4); canned liver (4); canned lobster (3); canned meat (3); canned offal (3); canned tomato (3); canned vegetable (3); condensed milk (2); fish soup (3); fruit jam (3); kompot (2); meat broth (3); meat soup (3); mushroom soup (3); pickled fish (4); pickled meat (4); pickled offal (4); pickled vegetable (4); tomato sauce (3); V8 (3); vegetable broth (3); vegetable soup (3); wet cat food (3); wet dog food (3); woods meat soup (3)	Canning Food; Food Preservation
Cutting Weapons	All About Swords	0-1		
Cutting Weapons	blade fighter's notes	0-3		
Cutting Weapons	USMC Sword Manual Procedure	1-4		
Devices	Booby Traps, IEDs, Mines and You: A Primer	0-3	booby trap (3)	
Devices	FM 20-32 Mine/Countermine Operations	3-6	booby trap (3)	
Devices	How to Trap Anything	0-4	bear trap (1)	
Devices	MIT Guide to Lock Picking	0-2		
Devices	The Compleat Trapper	3-6		
Devices	The Modern Trapper	0-3	bear trap (1)	
Devices	The Trapper's Companion	5-8	boiled leather cow barding with caparison (3); boiled leather horse barding with caparison (3); gutskin hood (6); gutskin parka (6); rolled fur sleeping bag (3)	
Devices	Trapper's Life	0-1	bear trap (1)	
Dodging	Break a Leg!	0-1		
Dodging	Dance Dance Dance!	0-1		
Dodging	The Book of Dances	0-3		
Dodging	Treasury of Legends about Western Dancing	4-5		
Ecology	Alpha Male Quarterly	0-1	foil cup (0)	
Ecology	Autobiography of a Mountain Man	5-8	.410 000 shot, black powder (1); .410 birdshot, black powder (1); .410 scrap shot, black powder (1); .410 slug, black powder (1); 00 shot, black powder (1); 00 shot, black powder, scrap loaded (1); antacid tablet (3); antifungal drug (5); baked dahlia root (1); bark tea (3); birdshot, black powder (1); boiled leather cow barding with caparison (3); boiled leather horse barding with caparison (3); bone glue (1); bone meal tablet (3); burdock wine must (3); camphine (1); cattail jelly (1); chamomile tea (1); chicory brew (1); cooked burdock greens (1); curdling milk (3); dandelion tea (1); dandelion wine must (3); dragon's breath shell, black powder (1); fish bait (1); flavored bone meal tablet (3); fried burdocks (1); fried dandelions and burdocks (1); fungicide (3); fur cloak (1); gutskin hood (4); gutskin parka (4); haggis (6); hard cheese (7); hickory nut ambrosia (3); jeans (3); Kentucky coffee grounds (1); light snare kit (1); lotus tea (1); meat confit (3); opium tar (3); pemmican (1); pemmican with fruit (1); pemmican with vegetables (1); pine needle tea (1); pine wine must (3); plastic fish trap (1); roasted salsify (1); rolled fur sleeping bag (2); shotgun slug, black powder (1); skirt (3); skunk spray neutralizing solution (3); soaking dandelion (3); spurge tea (1); turpentine (1); willowbark tea (3)	Basic Knapping; Speed Knapping
Ecology	Introduction to Plant Biology	3-5	concentrated paralytic (5); willowbark tea (4)	
Ecology	Natural Remedies of New England	1-5	antacid tablet (1); antifungal drug (3); aspirin (2); bone meal tablet (1); cattail jelly (1); flavored bone meal tablet (2); mugwort oil (3); opium tar (2); skunk spray neutralizing solution (2); thyme oil (3); wintergreen oil (3)	
Ecology	Outdoor Adventures	0-1	.410 000 shot, black powder (1); .410 birdshot, black powder (1); .410 scrap shot, black powder (1); .410 slug, black powder (1); 00 shot, black powder (1); 00 shot, black powder, scrap loaded (1); birdshot, black powder (1); cattail jelly (1); chamomile tea (1); chicory brew (1); cooked burdock greens (1); copper hatchet (1); dandelion tea (1); dragon's breath shell, black powder (1); ember carrier (1); fish bait (1); foil cup (0); fried burdocks (1); fried dandelions and burdocks (1); grappling hook (4); gum blanket (2); hobo stove (2); light snare kit (2); lotus tea (1); pine needle tea (1); plastic fish trap (2); shotgun slug, black powder (1); signal flare (2); spurge tea (1); stone axe (1); wooden hand fishing reel (4)	
Ecology	Outdoor Survival Guide	3-6	antacid tablet (2); antifungal drug (5); baked dahlia root (1); bark tea (5); birchbark shoes (1); boiled leather cow barding with caparison (3); boiled leather horse barding with caparison (3); bone glue (1); bone meal tablet (2); burdock wine must (3); butter churn (4); camphine (1); cattail jelly (1); chamomile tea (1); chicory brew (1); cooked burdock greens (1); curdling milk (3); dandelion tea (1); dandelion wine must (3); ember carrier (1); faux fur gloves (1); fish bait (1); flavored bone meal tablet (2); fried burdocks (1); fried dandelions and burdocks (1); fungicide (1); fur boots (1); fur cloak (1); fur gloves (1); fur moccasins (0); glove liners (2); grappling hook (2); grilled sweetbread (3); gum blanket (2); hickory nut ambrosia (3); hobo stove (1); large tent (1); leather gloves (1); light snare kit (1); lotus tea (1); moccasins (0); mortar and pestle (0); opium tar (2); pine needle tea (1); pine wine must (3); plastic fish trap (2); roasted salsify (1); rolled fur sleeping bag (1); soaking dandelion (3); spurge tea (1); stone quern (1); tanning fur pelt (6); tanning leather hide (6); tent (1); turpentine (1); water purification tablet (4); willowbark tea (4); wooden hand fishing reel (4); work gloves (2)	
Ecology	Pitching a Tent	0-3	baked dahlia root (1); burdock wine must (3); camphine (1); chamomile tea (1); chicory brew (1); cooked burdock greens (1); curdling milk (3); dandelion tea (1); dandelion wine must (3); fried burdocks (1); fried dandelions and burdocks (1); gum blanket (2); large tent (1); light snare kit (1); lotus tea (1); pine needle tea (1); pine wine must (3); rehydration drink (1); roasted cattail rhizome (1); roasted salsify (1); soaking dandelion (3); spurge tea (1); tent (1); turpentine (1); wooden hand fishing reel (4)	Basic Knapping; Speed Knapping
Ecology	Pocket Survival Guide	0-2	antacid tablet (3); antifungal drug (5); baked dahlia root (1); birchbark shoes (1); bone meal tablet (3); camphine (1); cattail jelly (1); chamomile tea (1); chicory brew (1); cooked burdock greens (1); dandelion tea (1); faux fur gloves (1); fish bait (1); flavored bone meal tablet (3); foil cup (0); fried burdocks (1); fried dandelions and burdocks (1); fungicide (2); fur gloves (1); fur moccasins (0); glove liners (2); horn-tipped arrow (1); leather gloves (1); light snare kit (1); lotus tea (1); moccasins (0); monster tooth arrow (1); opium tar (3); pine needle tea (1); plastic fish trap (1); roasted cattail rhizome (1); roasted salsify (1); rolled fur sleeping bag (1); signal flare (2); skunk spray neutralizing solution (3); spurge tea (1); stone-tipped arrow (1); turpentine (1); wooden arrow (1)	Basic Knapping; Speed Knapping
Ecology	Survival Under Atomic Attack	1-8	acetic acid (1); acetic acid (5); acetic anhydride (5); acetone (4); acetylene (3); antacid tablet (2); antifungal drug (5); aspirin (3); baking soda (5); bark tea (4); bone meal tablet (2); bread (6); calcium carbide (3); calcium chloride (4); canned offal (4); chloroform (4); citric acid (4); copper hatchet (1); Dakin's solution (1); diazepam (6); filter mask (3); flavored bone meal tablet (2); formic acid (1); formic acid (5); freshly fed sourdough starter (6); fungicide (2); gas mask (3); Geiger counter (off) (3); grappling hook (3); gum blanket (2); heat pack (4); heavy survivor mask (8); heroin (6); hydrochloric acid (1); hydrochloric acid (5); iodine crystals (4); juvenile sourdough starter (6); ketene lamp (5); liquid fertilizer (2); mortar and pestle (0); opium tar (2); oxyacetylene (3); oxycodone (5); potassium iodide tablet (5); Prussian blue tablet (5); rebreather mask (3); rebreather oxygen regenerator cartridge (4); rebreather oxygen regenerator filler (4); rebreather scrubber cartridge, air tank (4); rebreather scrubber cartridge, oxygen tank (4); rebreather scrubbing filler (4); saline solution (4); sodium carbonate (4); sodium carbonate (5); sourdough bread (6); stone axe (1); stone quern (1); sulfuric acid (1); survivor firemask (8); survivor half mask (8); survivor mask (8); thermal electric balaclava (3); thermal electric gloves (3); thermal electric socks (3); thermal electric suit (3); wastebread (6); water purification tablet (4); willowbark tea (4)	
Ecology	The Wonderful World of Arthropodology	3-4	biosilicified chitin arm guards (6); biosilicified chitin armor (7); biosilicified chitin gauntlets (6); biosilicified chitin greaves (6); biosilicified chitin helmet (6); biosilicified chitin sollerets (4); chitin arm guards (5); chitin armor (6); chitin gauntlets (5); chitin greaves (5); chitin helmet (5); chitin sollerets (3); concentrated venom (5)	Chitinworking
Ecology	Through the Lens	1-3	large tent (1); soda can stove kit (1); tent (1)	Basic Knapping; Speed Knapping
Electronics	2XI design binder-CLASSIFIED	6-7		
Electronics	Advanced Electronics	2-5	advanced solar panel (6); atomic lamp (4); battery compartment mod (3); coffeemaker (1); coilgun (5); crude heating element (1); electric hair trimmer (4); electrified foil (3); electrified saber (3); electrified épée (3); electrohack (5); EMP bomb (5); Faraday chainmail (6); Faraday platemail (6); faraday sharksuit (6); food dehydrator (3); Geiger counter (off) (4); heavy battery mod (2); hotplate (1); large water wheel (6); large wind turbine (4); light battery mod (2); makeshift vacuum sealer (4); medium battery mod (2); portable soldering iron (1); power converter (2); powered quarterstaff (3); programmable autopilot (3); radio activation mod (3); reading light (3); recharging station (6); security camera (6); solar panel (6); soldering iron (2); UPS (off) (4); UPS conversion mod (3); water purifier (3); water wheel (6)	
Electronics	Amateur Home Radio for Enthusiasts	4-8	amplifier circuit (3); antenna (1); directional antenna (3); noise emitter (off) (1); radio (2); signal receiver (1)	
Electronics	anti-materiel turret schematics	7-7	inactive M2HB autonomous CROWS II (7)	
Electronics	Arduino Experiments	2-4	turret control unit (4); turret mount (2)	
Electronics	Augmentative Tech Review	4-5		
Electronics	cleaner bot schematics	7-7	inactive cleaner bot (7)	
Electronics	computer printout	6+	heavy plutonium tool battery (6)	
Electronics	dispatch schematics	7-7	inactive dispatch (8)	
Electronics	Electronic Circuit Theory	3-6	advanced solar panel (6); coilgun (5); crude heating element (1); electric hair trimmer (3); electric lantern (off) (2); electrified foil (3); electrified saber (3); electrified épée (3); Faraday chainmail (6); Faraday platemail (6); faraday sharksuit (6); food dehydrator (3); Geiger counter (off) (4); hand-crank charger (3); handheld game system (7); large water wheel (6); large wind turbine (4); power converter (2); powered quarterstaff (3); programmable autopilot (3); radio activation mod (2); RC car (7); recharging station (6); security camera (6); signal receiver (2); solar panel (6); transponder circuit (2); UPS conversion mod (3); vehicle forge rig (8); vehicle kiln (8); water wheel (6)	
Electronics	grocery bot schematics	7-7	inactive grocery bot (7)	
Electronics	Ham Radio Illustrated	0-1	antenna (1); back-up beeper (2); battery charger (1); bicycle alternator (2); car battery (2); car headlight (2); coffeemaker (3); directed floodlight (2); electric lantern (off) (4); flashlight (off) (1); floodlight (2); hand-crank charger (3); headlamp (0); heavy tool battery (2); hotplate (3); large storage battery (2); makeshift vacuum sealer (6); medium storage battery (2); micro electric motor (2); motorbike alternator (2); motorbike battery (2); small electric motor (2); tiny electric motor (2); tool battery (2); very large storage battery (2); wearable camera (0); wearable professional camera (0); wide-angle car headlight (2)	
Electronics	lab defense bot schematics	7-7		
Electronics	lab journal-Herrera	5-8	bionic power conversion mod (4); inactive autonomous M240 CROWS II (7); inactive autonomous M249 CROWS II (7); inactive C-4 hack (6); inactive EMP hack (6); inactive flashbang hack (6); inactive grenade hack (6); inactive manhack (6); inactive taser hack (5); inactive tear gas hack (6); inactive turret (7); programmable autopilot (3); RC control (5); remote vehicle controller (5); teleport pad (8); UPS (off) (4); UPS conversion mod (3)	
Electronics	military dispatch schematics	7-7	inactive military dispatch (8)	
Electronics	milspec searchlight schematics	7-7		
Electronics	miner bot schematics	7-7	inactive demining bot (7)	
Electronics	nurse bot schematics	7-7	inactive nurse bot (7)	
Electronics	plans for a radio repeater mod	2+	radio repeater mod (2)	
Electronics	Robots for Fun & Profit	5-10	drive by wire controls (7); hand-crank charger (4); handheld game system (6); inactive autonomous M240 CROWS II (9); inactive autonomous M249 CROWS II (9); inactive C-4 hack (7); inactive EMP hack (7); inactive flashbang hack (7); inactive grenade hack (7); inactive manhack (7); inactive taser hack (6); inactive tear gas hack (7); inactive turret (9); RC car (6); RC control (5); recharging station (5); remote vehicle controller (5)	
Electronics	security bot schematics	7-7	inactive M202A1 TALON UGV (7); inactive TALON UGV (7)	
Electronics	skitterbot schematics	7-7	inactive skitterbot (7)	
Electronics	trifacet handling procedures	3-6		
Electronics	What's a Transistor?	0-3	advanced solar panel (7); amplifier circuit (1); battery charger (0); battery compartment mod (3); bicycle alternator (2); car battery (2); car headlight (1); coffeemaker (2); crude heating element (1); directed floodlight (1); electric lantern (off) (3); flashlight (off) (0); floodlight (1); heavy battery mod (2); heavy tool battery (2); hotplate (2); large storage battery (2); large water wheel (7); large wind turbine (4); light battery mod (2); makeshift vacuum mold (5); makeshift vacuum sealer (5); medium battery mod (2); medium storage battery (2); micro electric motor (2); motorbike alternator (2); motorbike battery (2); portable soldering iron (1); power converter (1); programmable autopilot (3); reading light (3); signal receiver (1); small electric motor (2); solar panel (7); soldering iron (1); tiny electric motor (2); tool battery (2); transponder circuit (1); UPS conversion mod (3); very large storage battery (2); water purifier (2); water wheel (7); wide-angle car headlight (1)	
Fabrication	101 Crafts for Beginners	0-3	bipod (2); bolt cutters (4); bow saw (3); charcoal kiln (2); charcoal smoker (3); concrete mixer (7); electric hair trimmer (4); electric kiln (4); entrenching tool (3); folding stock (3); forward grip (3); hacksaw (3); hand-crank charger (4); headlamp (0); hoe (3); lump hammer (3); makeshift jack (2); makeshift stethoscope (1); manual oil press (2); mechanical pump (4); nut and bolt (3); pistol stock (3); pistol stock (4); recoil stock (3); scissor jack (3); shovel (2); sledgehammer (3); soda can stove kit (1); telescopic pistol sight (3); telescopic sight (3); thread cutting set (3); wearable camera (0); wearable professional camera (0); wood forward grip (2); wood saw (3)	
Fabrication	101 Home Repairs	0-2	water faucet (4)	Basic Carpentry; Plumbing
Fabrication	A History of Firefighting	7-9	crash axe (6); entry suit (8); filter mask (3); fire axe (8); flame-resistant cowl (6); flame-resistant gloves (6); flame-resistant socks (6); flame-resistant suit (6); gas mask (3); Halligan bar (8); New York hook (6); rebreather oxygen regenerator cartridge (4); rebreather oxygen regenerator filler (4); rebreather scrubber cartridge, air tank (4); rebreather scrubber cartridge, oxygen tank (4); rebreather scrubbing filler (4); survivor firehood (7); survivor firemask (7)	
Fabrication	alloying reference manual	4-7	bronze fragment (3); bronze ingot (2); large bronze ingot (2); small bronze ingot (2)	Principles of Metalworking
Fabrication	Antique Adornments	6-7	copper bracelet (6); copper necklace (6); gold bracelet (6); gold necklace (6); gold ring (6); golden crown (6); silver bracelet (6); silver necklace (6)	Fine Metalsmithing; Gem Setting
Fabrication	Arms and Armor of Imperial China	5-10	black gunpowder (5); boiled leather cow barding with caparison (6); boiled leather horse barding with caparison (6); bronze fragment (4); conical helm (5); crude paper breastplate (2); dao (5); iron cow armor (4); iron horse armor (4); ji (5); jian (8); leather arm guards (4); leather cuirass (4); leather gauntlets (4); leather helmet (6); leather leg guards (4); leather pauldrons (3); light crossbow (5); paper ballistic plate (2); paper ballistic side plate (2); qiang (6); repeating crossbow (4); rope dart (1); suit of boiled leather armor (6)	Redsmithing
Fabrication	Artillery of the Ancients	4-6	ballista bolt (4); carroballista (4)	
Fabrication	Birdhouse Monthly	0-1		Basic Carpentry
Fabrication	Building for Beginners	0-3		Basic Carpentry; Plumbing
Fabrication	Concrete Constructions	3-4	cement powder (4); dry concrete mix (4); mortar (2); quicklime (3)	
Fabrication	Crafty Crafter's Quarterly	0-1	makeshift stethoscope (1)	Pottery
Fabrication	DIY Compendium	3-6	ball bearing (1); BB (1); bike rack (5); block and tackle (2); bolt cutters (4); bow saw (4); bronze chisel (3); chainmail chausses (6); chainmail coif (6); chainmail gloves (6); chainmail link (1); chainmail sheet (2); chainmail skirt (6); chainmail sleeves (6); chainmail vest (6); charcoal forge (4); charcoal kiln (2); charcoal smoker (2); concrete mixer (7); copper pot (4); drift (4); duct tape (3); electric forge (4); electric hair trimmer (3); electric kiln (4); entrenching tool (4); Faraday chainmail (6); Faraday platemail (6); faraday sharksuit (6); fire axe (9); folding table (2); gas forge (4); hacksaw (4); hand pump (4); hand-crank charger (3); hard plating (5); headlamp (0); hoe (4); hotcut (4); kinetic bullet puller (7); lump hammer (4); makeshift jack (2); makeshift steam engine (5); makeshift stethoscope (1); manual oil press (2); mechanical pump (4); metal butchering rack (2); metal smoking rack (2); metalworking chisel (3); minifreezer (5); nut and bolt (3); pedal powered grindstone (3); pickaxe (6); pistol stock (4); portable dishwasher (6); reinforced headlight (3); reinforced security camera (3); reinforced wide-angle headlight (3); reinforced yoke and harness (5); rollerblades (5); rollerskates (5); rubber cement (3); scissor jack (3); shovel (3); sledgehammer (4); spiked plating (3); steel boom (6); steel scraper (2); swage and die set (4); telescopic cantilever (4); telescopic pistol sight (3); telescopic sight (3); thermal electric balaclava (3); thermal electric gloves (3); thermal electric socks (3); thermal electric suit (3); thread cutting set (3); tin powder (4); tinted glass lenses (5); vehicle controls (5); vehicle cooler (5); vehicle forge rig (8); vehicle kiln (8); washing machine (6); wearable camera (0); wearable professional camera (0); welding goggles (3); wood axe (4); wood saw (4); wooden block and tackle (2); yoke and harness (5)	
Fabrication	Engineering 301	3-6	bike rack (5); copper hatchet (2); makeshift steam engine (5); pickaxe (5); stone axe (2); yoke and harness (5)	
Fabrication	Historic Warfare: The Bronze Age	3-4	bronze fragment (3); bronze ingot (3); bronze knife (3); bronze mace (4); bronze spear (3); copper knife (3); copper pike (3); copper spear (3); dao (5); ji (5); khopesh (5); large bronze ingot (3); small bronze ingot (3); xiphos (5)	Redsmithing
Fabrication	lab journal-Gustav	9-10		
Fabrication	metal casting reference manual	4-7	aluminum ingot (2); brass ingot (2); copper ingot (2); gold ingot (2); large aluminum ingot (2); large brass ingot (2); large copper ingot (2); large gold ingot (2); large lead ingot (2); large silver ingot (2); large tin ingot (2); large zinc ingot (2); lead ingot (2); lead sling bullet (2); silver ingot (2); small aluminum ingot (2); small brass ingot (2); small gold ingot (2); small lead ingot (2); small silver ingot (2); small tin ingot (2); small zinc ingot (2); tin ingot (2); zinc ingot (2)	Principles of Metalworking
Fabrication	Plastics & Polymers: Projects for the Classroom	4-7	2.5 L canteen (3); dry bag (3); elbow pads (2); funnel (2); gallon jug (2); knee pads (2); large dry bag (4); large plastic bottle (2); petpack (1); plastic bottle (2); plastic canteen (3); plastic jack o'lantern (1); plastic rake (2); plastic shin guards (2); plastic snow shovel (2); plastic soap bottle (2); plastic stopcock (3); retractable telescope (3); small plastic bottle (2)	Plastic Working
Fabrication	Rivtech design binder	6-7	5x50mm flechette, reloaded (4); atomic coffeemaker (8); wearable RX12 jet injector (5)	
Fabrication	Studies in Historic Armorsmithing	5-10	armet helm (7); barbute helm (5); boiled leather cow barding with caparison (6); boiled leather horse barding with caparison (6); brigandine gloves (5); brigandine vest (6); bronze cow armor (4); bronze cuirass (4); bronze fragment (3); bronze greaves (4); bronze helmet (4); bronze horse armor (4); bronze vambraces (4); chainmail aventail (6); chainmail chausses (6); chainmail coif (6); chainmail gloves (6); chainmail link (1); chainmail sheet (2); chainmail skirt (6); chainmail sleeves (6); chainmail vest (6); charcoal forge (5); Corinthian helm (5); drift (5); electric forge (5); galea (5); gas forge (5); great helm (6); hotcut (5); iron cow armor (4); iron horse armor (4); kettle helm (4); leather arm guards (4); leather cuirass (4); leather gauntlets (4); leather helmet (6); leather leg guards (4); leather pauldrons (3); lorica segmentata (8); metalworking chisel (5); nasal helm (4); pedal powered grindstone (4); plate arm guards (7); plate aventail (4); plate cuirass (7); plate gauntlets (7); plate leg guards (6); plate pauldrons (7); plate sollerets (7); plate tasset (5); quilted arming pants (3); quilted coif (3); quilted gambeson (3); quilted surcoat (3); sallet helm (7); splint arm guards (5); splint leg guards (5); steel cow armor (7); steel horse armor (7); steel scraper (3); suit of boiled leather armor (6); swage and die set (5); visored plate helm (7); wool aketon (3); wool aketon vest (3); wool arming gloves (3); wool arming pants (3); wool coif (3)	Armorsmithing
Fabrication	The Art of Glassblowing	4-7	0.5 L glass jar (4); 3 L glass jar (5); broken glass (5); crude glass lens (5); disconnected glassblower's crucible (5); glass bottle (5); glass flask (4); glass pipe (6); hand mirror (5); marble (4); separation funnel (5); test tube (4); tinted glass lenses (4)	Glassblowing
Fabrication	The Art of Japanese Armormaking	5-10	charcoal forge (5); drift (5); electric forge (5); gas forge (5); hotcut (5); kabuto (8); metalworking chisel (5); pedal powered grindstone (4); steel scraper (3); swage and die set (5); ō-yoroi (8)	Armorsmithing
Fabrication	The Art of Warfare in Precolumbian Mesoamericas	5-8	bronze tipped atlatl spear (5); glass-bladed macuahuitl (3); leather arm guards (4); leather cuirass (4); leather gauntlets (4); leather leg guards (4); leather pauldrons (3); steel bladed macuahuitl (5); steel tipped atlatl spear (5); tooth-bladed macuahuitl (3)	
Fabrication	The Bowyer's Buddy	3-5	bullet crossbow (1); composite bow (4); compound war bow (9); double-string crossbow (1); hand crossbow (3); heavy crossbow (6); latchet crossbow (1); light crossbow (1); wooden short bow (1); wooden target bow (3); wooden war bow (5)	Bowyery
Fabrication	The Bronze Age Encyclopedia	3-7	bronze axe (4); bronze bush hook (5); bronze chisel (4); bronze cow armor (4); bronze cuirass (4); bronze fragment (2); bronze greaves (4); bronze hammer (4); bronze helmet (4); bronze hoe (4); bronze horse armor (4); bronze ingot (2); bronze knife (3); bronze mace (4); bronze nail puller (4); bronze pickaxe (4); bronze sickle (4); bronze spear (3); bronze vambraces (4); bronze wood saw (4); copper knife (3); copper pike (3); copper spear (3); Corinthian helm (4); dao (4); ji (4); khopesh (4); large bronze ingot (2); small bronze ingot (2); xiphos (4)	Principles of Metalworking; Redsmithing
Fabrication	The Complete Home Repair Guide	5-8	pilot light (5); water faucet (5)	Basic Carpentry; Plumbing
Fabrication	The Fletcher's Friend	2-4	birchbark quiver (2); bone glue (1); crude wooden arrow (1); crude wooden bolt (1); flammable arrow (5); horn-tipped arrow (1); large birchbark quiver (3); large pipe quiver (2); large quiver (2); monster tooth arrow (1); monster tooth bolt (3); multi-function quiver (3); nylon quiver (1); pipe quiver (1); quiver (1); stone-tipped arrow (1); wooden arrow (1); wooden bodkin arrow (3); wooden bodkin bolt (3); wooden broadhead arrow (3); wooden broadhead bolt (3)	Fletching
Fabrication	The Handloader's Helper	3-6	.22 FMJ, matchhead powder (1); .22 FMJ, reloaded (1); .22 LR FMJ, black powder (1); .22 LR, black powder (1); .22 LR, matchhead powder (1); .22 LR, reloaded (1); .223 Remington, black powder (1); .223 Remington, reloaded (1); .270 Winchester casing (3); .270 Winchester FMJ, black powder (1); .270 Winchester FMJ, reloaded (1); .270 Winchester JSP, black powder (1); .270 Winchester JSP, reloaded (1); .30 Carbine JSP, black powder (3); .30 Carbine JSP, matchhead powder (3); .30 Carbine JSP, reloaded (3); .30 Carbine, black powder (3); .30 Carbine, matchhead powder (3); .30 Carbine, reloaded (3); .30-06 5-round clip (2); .30-06 FMJ, black powder (3); .30-06 FMJ, reloaded (3); .30-06 JSP, black powder (3); .30-06 JSP, reloaded (3); .30-06 M2 AP, black powder (3); .30-06 M2 AP, reloaded (3); .30-06 tracer, black powder (2); .30-06 tracer, reloaded (2); .300 AAC Blackout subsonic, black powder (3); .300 AAC Blackout subsonic, reloaded (3); .300 AAC Blackout, black powder (3); .300 AAC Blackout, reloaded (3); .300 Winchester Magnum, black powder (4); .300 Winchester Magnum, reloaded (4); .300BLK casing (3); .303 British FMJ, black powder (3); .303 British FMJ, reloaded (3); .303 British JSP, black powder (3); .303 British JSP, reloaded (3); .303 British OTM, black powder (3); .303 British OTM, reloaded (3); .308 Winchester, black powder (2); .308 Winchester, reloaded (2); .32 ACP JHP, black powder (5); .32 ACP JHP, matchhead powder (5); .32 ACP JHP, reloaded (5); .32 ACP, black powder (5); .32 ACP, matchhead powder (5); .32 ACP, reloaded (5); .338 Lapua AP485, black powder (6); .338 Lapua AP485, reloaded (6); .338 Lapua API526, black powder (6); .338 Lapua API526, reloaded (6); .338 Lapua HPBT, black powder (6); .338 Lapua HPBT, reloaded (6); .357 Magnum FMJ, black powder (4); .357 Magnum FMJ, matchhead powder (4); .357 Magnum FMJ, reloaded (4); .357 Magnum JHP, black powder (4); .357 Magnum JHP, matchhead powder (4); .357 Magnum JHP, reloaded (4); .357 SIG casing (3); .357 SIG FMJ, black powder (2); .357 SIG FMJ, matchhead powder (2); .357 SIG FMJ, reloaded (2); .357 SIG JHP, black powder (2); .357 SIG JHP, matchhead powder (2); .357 SIG JHP, reloaded (2); .36 paper cartridge (3); .38 Special +P, reloaded (2); .38 Special casing (3); .38 Special FMJ, black powder (3); .38 Special FMJ, matchhead powder (3); .38 Special FMJ, reloaded (3); .38 Special JHP, black powder (2); .38 Special JHP, matchhead powder (2); .38 Special JHP, reloaded (2); .38 Super FMJ, black powder (4); .38 Super FMJ, matchhead powder (2); .38 Super FMJ, reloaded (2); .38 Super JHP, black powder (4); .38 Super JHP, matchhead powder (4); .38 Super JHP, reloaded (4); .380 ACP +P, reloaded (4); .380 ACP casing (3); .380 ACP FMJ, black powder (3); .380 ACP FMJ, matchhead powder (3); .380 ACP FMJ, reloaded (3); .380 ACP JHP, black powder (2); .380 ACP JHP, matchhead powder (2); .380 ACP JHP, reloaded (2); .40 S&W casing (3); .40 S&W FMJ, black powder (4); .40 S&W FMJ, matchhead powder (4); .40 S&W FMJ, reloaded (4); .40 S&W JHP, black powder (3); .40 S&W JHP, matchhead powder (3); .40 S&W JHP, reloaded (3); .410 000 shot, black powder (2); .410 000 shot, reloaded (2); .410 birdshot, black powder (2); .410 birdshot, reloaded (2); .410 slug, black powder (2); .410 slug, reloaded (2); .44 Magnum FMJ, black powder (3); .44 Magnum FMJ, reloaded (3); .44 Magnum, black powder (3); .44 Magnum, reloaded (3); .44 paper cartridge (3); .45 ACP casing (3); .45 ACP FMJ, black powder (4); .45 ACP JHP, black powder (3); .45 ACP JHP, matchhead powder (3); .45 ACP JHP, reloaded (3); .45 Colt +P FMJ, reloaded (3); .45 Colt +P JHP, reloaded (3); .45 Colt casing (3); .45 Colt FMJ, black powder (3); .45 Colt FMJ, matchhead powder (3); .45 Colt JHP, black powder (3); .45 Colt JHP, matchhead powder (3); .45 Colt LFN, black powder (3); .45 Colt LFN, matchhead powder (3); .45 Colt LFN, reloaded (3); .45 FMJ, matchhead powder (4); .45 FMJ, reloaded (4); .45-70 +P penetrator, reloaded (2); .45-70 LFN, black powder (2); .45-70 LFN, reloaded (2); .45-70 SP, reloaded (2); .450 Bushmaster FTX, black powder (2); .450 Bushmaster FTX, reloaded (2); .450 Bushmaster Xtreme Hunter, black powder (2); .450 Xtreme Hunter, reloaded (2); .454 Casull, black powder (6); .454 Casull, reloaded (6); .458 WM, black powder (7); .458 WM, reloaded (7); .460 Rowland casing (3); .460 Rowland FMJ, black powder (3); .460 Rowland FMJ, reloaded (3); .460 Rowland, black powder (3); .460 Rowland, reloaded (3); .50 AE casing (3); .50 AE FMJ, black powder (7); .50 AE FMJ, matchhead powder (7); .50 AE FMJ, reloaded (7); .50 AE JHP, black powder (7); .50 AE JHP, matchhead powder (7); .50 AE JHP, reloaded (7); .50 Beowulf XTP, black powder (2); .50 Beowulf XTP, reloaded (2); .50 Beowulf Xtreme Penetrator, black powder (2); .50 Beowulf Xtreme Penetrator, reloaded (2); .50 BMG AP, black powder (7); .50 BMG AP, reloaded (7); .50 BMG Match, black powder (6); .50 BMG Match, reloaded (6); .50 BMG tracer, black powder (8); .50 BMG tracer, reloaded (8); .500 S&W Magnum, black powder (7); .500 S&W Magnum, reloaded (7); .62 paper cartridge (2); 00 shot, black powder (2); 00 shot, reloaded (2); 10mm Auto +P, reloaded (4); 10mm Auto FMJ, black powder (4); 10mm Auto FMJ, matchhead powder (4); 10mm Auto FMJ, reloaded (4); 10mm Auto JHP, black powder (4); 10mm Auto JHP, matchhead powder (4); 10mm Auto JHP, reloaded (4); 4.6x30mm, black powder (3); 4.6x30mm, reloaded (3); 40x46mm M118 buckshot, black powder (3); 40x46mm M118 buckshot, reloaded (3); 40x46mm M118 flechette, black powder (3); 40x46mm M118 flechette, reloaded (3); 40x46mm M118 slug, black powder (3); 40x46mm M118 slug, reloaded (3); 40x46mm M199 buckshot, black powder (3); 40x46mm M199 buckshot, reloaded (3); 40x46mm M199 flechette, black powder (3); 40x46mm M199 flechette, reloaded (3); 40x46mm M199 slug, black powder (3); 40x46mm M199 slug, reloaded (3); 40x53mm buckshot, black powder (3); 40x53mm buckshot, reloaded (3); 40x53mm flechette, black powder (3); 40x53mm flechette, reloaded (3); 40x53mm slug, black powder (3); 40x53mm slug, reloaded (3); 5.45x39mm AP, black powder (2); 5.45x39mm AP, reloaded (2); 5.45x39mm, black powder (2); 5.45x39mm, reloaded (2); 5.56 NATO tracer, black powder (5); 5.56 NATO tracer, reloaded (5); 5.56 NATO, black powder (3); 5.56 NATO, reloaded (3); 5.7x28mm, black powder (3); 5.7x28mm, reloaded (3); 7.62x25mm FMJ, black powder (3); 7.62x25mm FMJ, matchhead powder (3); 7.62x25mm FMJ, reloaded (3); 7.62x39mm 10-round clip (2); 7.62x39mm FMJ, black powder (2); 7.62x39mm FMJ, reloaded (2); 7.62x39mm JHP, black powder (2); 7.62x39mm JHP, reloaded (2); 7.62x51mm tracer, black powder (5); 7.62x51mm tracer, reloaded (5); 7.62x51mm, black powder (2); 7.62x51mm, reloaded (2); 7.62x54mmR 5-round clip (2); 7.62x54mmR, black powder (3); 7.62x54mmR, reloaded (3); 7.7x58mm Japanese JSP, black powder (3); 7.7x58mm Japanese JSP, reloaded (3); 9x18mm +P+, reloaded (3); 9x18mm FMJ, black powder (3); 9x18mm FMJ, matchhead powder (3); 9x18mm FMJ, reloaded (3); 9x18mm, black powder (1); 9x18mm, matchhead powder (1); 9x18mm, reloaded (1); 9x19mm +P, reloaded (4); 9x19mm 10-round clip (2); 9x19mm FMJ, black powder (3); 9x19mm FMJ, matchhead powder (3); 9x19mm FMJ, reloaded (3); 9x19mm JHP, black powder (2); 9x19mm JHP, matchhead powder (2); 9x19mm JHP, reloaded (2); birdshot paper cartridge (2); birdshot, black powder (1); birdshot, reloaded (1); blunderbuss flechettes (2); blunderbuss scrap shot (2); blunderbuss shot (2); blunderbuss slug (2); buckshot paper cartridge (2); dragon's breath shell, black powder (3); dragon's breath shell, reloaded (3); flechette shell, black powder (4); flechette shell, reloaded (4); hand press (2); incendiary (3); kinetic bullet puller (6); large pistol primer (2); large rifle primer (2); M1 Garand 8-round clip (2); mixed smokeless gunpowder (1); pipe cleaner (0); pyrotechnic paper cartridge (2); retooled STANAG 20-round magazine (2); retooled STANAG 20-round magazine with ranger plate (2); retooled STANAG 30-round magazine (2); retooled STANAG 30-round magazine with ranger plate (2); shotgun primer (2); shotgun slug, black powder (3); shotgun slug, reloaded (3); signal flare (3); small game rifle 19-round tube loader (2); small pistol primer (2); small rifle primer (2)	Handloading
Fabrication	The Historic Weaponsmith	5-10	arming sword (6); bagh nakh (9); baselard (4); battle axe (8); broadsword (6); bronze fragment (4); bullet crossbow (6); cavalry saber (6); charcoal forge (5); cutlass (6); double-string crossbow (6); drift (5); electric forge (5); estoc (6); falx (5); gas forge (5); glaive (6); goedendag (3); halberd (6); hand crossbow (6); heavy crossbow (6); horseman's flail (5); hotcut (5); ironshod quarterstaff (2); khopesh (5); kriegsmesser (4); kris (6); latchet crossbow (6); light crossbow (6); longsword (6); lucerne hammer (6); mace (3); metalworking chisel (5); morningstar (5); peasant flail (3); pedal powered grindstone (4); pike (6); poleaxe (6); rapier (7); soaking long pole (2); soaking spear shaft (2); steel javelin (4); steel scraper (3); steel spear (3); survival knife (5); swage and die set (5); sword cane (8); urumi (6); war flail (6); war hammer (8); xiphos (4); zweihänder (7)	Bladesmithing
Fabrication	The Prop Builder's Molding and Casting Handbook	2-4	makeshift vacuum mold (3)	Basic Carpentry; Plastic Working
Fabrication	The Streetfighter's Sidekick	5-6	bagh nakh (4); battle axe (7); brass knuckles (2); bronze cow armor (4); bronze cuirass (4); bronze greaves (4); bronze helmet (4); bronze horse armor (4); bronze vambraces (4); cestus (1); chainmail chausses (6); chainmail coif (6); chainmail gloves (6); chainmail link (1); chainmail sheet (2); chainmail skirt (6); chainmail sleeves (6); chainmail vest (6); chainsaw (off) (5); crude paper breastplate (2); dive knife (6); electric chainsaw (off) (5); electrified foil (4); electrified saber (4); electrified épée (4); fingerless leather gloves (2); hunting knife (4); ironshod quarterstaff (3); mace (4); National Guard bayonet (5); paper ballistic plate (2); paper ballistic side plate (2); pocket knife (5); powered quarterstaff (4); punch dagger (2); razorbar katar (3); scrap ballistic plate (2); scrap ballistic side plate (2); steel ballistic plate (7); steel ballistic side plate (6); steel knuckles (2); switchblade (5); sword bayonet (5); tactical tonfa (off) (5); tanto (8); trench knife (5); war hammer (6)	
Fabrication	The Swords of the Samurai	5-10	bokken (2); butterfly sword (6); cestus (7); charcoal forge (5); drift (5); electric forge (5); gas forge (5); hotcut (5); jitte (5); kanabō (2); karambit (5); katana (7); kirpan (5); kukri (8); metalworking chisel (5); naginata (6); nodachi (7); pedal powered grindstone (4); razorbar katar (8); sai (5); soaking long pole (2); soaking spear shaft (2); steel scraper (3); steel spear (3); swage and die set (5); tanto (6); wakizashi (6)	Bladesmithing
Fabrication	Tools of Warfare in the Arabic World	5-10	bronze chisel (5); chainmail aventail (6); charcoal forge (5); drift (5); electric forge (5); gas forge (5); hotcut (5); kilij (7); metalworking chisel (5); mirror armor (4); pedal powered grindstone (5); scimitar (6); steel scraper (3); swage and die set (5); talwar (6); turban helmet (4)	Redsmithing
Fabrication	Welding and Metallurgy	4-7	bike rack (6); compound war bow (8); copper pot (4); hand pump (5); hard plating (5); makeshift arc welder (1); makeshift steam engine (6); makeshift welding blanket (1); reinforced headlight (5); reinforced security camera (5); reinforced wide-angle headlight (5); small welding tank (2); spiked plating (3); sword bayonet (7); tin powder (4); tinted glass lenses (5); vehicle forge rig (5); vehicle kiln (5); welding goggles (3); welding tank (2)	Skilled Welding
Fabrication	WX010 Living Armor Observations	1+	iridescent carapace plate (1); iridescent carapace side plate (1)	
Handguns	Tactical Handgun Digest	0-1	9x19mm 10-round clip (3); bottom mount (4); flintlock pistol (6); iron sights (3); launcher sights mount (4); offset iron sights (4); pipe cleaner (0); pistol sights mount (4); replaceable furniture kit (4); replaceable stock kit (4); side mount (4); sights mount (4); speedloader chute, 4-round breaching shotgun (4); speedloader chute, 5-round hunting shotgun (4); speedloader chute, 6-round combat shotgun (4); speedloader chute, 8-round auto-loading shotgun (4); speedloader chute, 9-round combat shotgun (4); speedloader chute, Benelli Super (4)	
Handguns	The Tao of the Handgun	0-3	.22 FMJ, matchhead powder (2); .22 FMJ, reloaded (2); .22 LR FMJ, black powder (2); .22 LR, black powder (2); .22 LR, matchhead powder (2); .22 LR, reloaded (2); .357 Magnum FMJ, black powder (3); .357 Magnum FMJ, matchhead powder (3); .357 Magnum FMJ, reloaded (3); .357 Magnum JHP, black powder (3); .357 Magnum JHP, matchhead powder (3); .357 Magnum JHP, reloaded (3); .357 SIG casing (5); .357 SIG FMJ, black powder (3); .357 SIG FMJ, matchhead powder (3); .357 SIG FMJ, reloaded (3); .357 SIG JHP, black powder (3); .357 SIG JHP, matchhead powder (3); .357 SIG JHP, reloaded (3); .36 paper cartridge (3); .38 Special +P, reloaded (1); .38 Special casing (5); .38 Special FMJ, black powder (2); .38 Special FMJ, matchhead powder (2); .38 Special FMJ, reloaded (2); .38 Special JHP, black powder (1); .38 Special JHP, matchhead powder (1); .38 Special JHP, reloaded (1); .38 Super FMJ, black powder (3); .38 Super FMJ, matchhead powder (1); .38 Super FMJ, reloaded (1); .38 Super JHP, black powder (3); .38 Super JHP, matchhead powder (3); .38 Super JHP, reloaded (3); .380 ACP +P, reloaded (3); .380 ACP casing (5); .380 ACP FMJ, black powder (2); .380 ACP FMJ, matchhead powder (2); .380 ACP FMJ, reloaded (2); .380 ACP JHP, black powder (1); .380 ACP JHP, matchhead powder (1); .380 ACP JHP, reloaded (1); .40 S&W casing (5); .40 S&W FMJ, black powder (3); .40 S&W FMJ, matchhead powder (3); .40 S&W FMJ, reloaded (3); .40 S&W JHP, black powder (2); .40 S&W JHP, matchhead powder (2); .40 S&W JHP, reloaded (2); .44 Magnum FMJ, black powder (4); .44 Magnum FMJ, reloaded (4); .44 Magnum, black powder (4); .44 Magnum, reloaded (4); .44 paper cartridge (3); .45 ACP +P, reloaded (4); .45 ACP casing (5); .45 ACP FMJ, black powder (3); .45 ACP JHP, black powder (2); .45 ACP JHP, matchhead powder (2); .45 ACP JHP, reloaded (2); .45 Colt +P FMJ, reloaded (4); .45 Colt +P JHP, reloaded (4); .45 Colt casing (5); .45 Colt FMJ, black powder (4); .45 Colt FMJ, matchhead powder (4); .45 Colt JHP, black powder (4); .45 Colt JHP, matchhead powder (4); .45 Colt LFN, black powder (4); .45 Colt LFN, matchhead powder (4); .45 Colt LFN, reloaded (4); .45 FMJ, matchhead powder (3); .45 FMJ, reloaded (3); .454 Casull, black powder (7); .454 Casull, reloaded (7); .460 Rowland casing (5); .460 Rowland FMJ, black powder (4); .460 Rowland FMJ, reloaded (4); .460 Rowland, black powder (4); .460 Rowland, reloaded (4); .50 AE casing (5); .50 AE FMJ, black powder (8); .50 AE FMJ, matchhead powder (8); .50 AE FMJ, reloaded (8); .50 AE JHP, black powder (8); .50 AE JHP, matchhead powder (8); .50 AE JHP, reloaded (8); .500 S&W Magnum, black powder (8); .500 S&W Magnum, reloaded (8); 10mm Auto +P, reloaded (3); 10mm Auto FMJ, black powder (3); 10mm Auto FMJ, matchhead powder (3); 10mm Auto FMJ, reloaded (3); 10mm Auto JHP, black powder (3); 10mm Auto JHP, matchhead powder (3); 10mm Auto JHP, reloaded (3); 5.7x28mm, black powder (2); 7.62x25mm FMJ, black powder (3); 7.62x25mm FMJ, matchhead powder (3); 7.62x25mm FMJ, reloaded (3); 9x18mm +P+, reloaded (4); 9x18mm FMJ, black powder (4); 9x18mm FMJ, matchhead powder (4); 9x18mm FMJ, reloaded (4); 9x18mm, black powder (2); 9x18mm, matchhead powder (2); 9x18mm, reloaded (2); 9x19mm +P+, reloaded (4); 9x19mm +P, reloaded (3); 9x19mm FMJ, black powder (2); 9x19mm FMJ, matchhead powder (2); 9x19mm FMJ, reloaded (2); 9x19mm JHP, black powder (1); 9x19mm JHP, matchhead powder (1); 9x19mm JHP, reloaded (1); bottom mount (4); compensator (4); ergonomic grip (4); flintlock pistol (5); forward grip (3); Glock auto sear plate (5); hand press (3); handmade revolver (3); homemade pistol (5); iron sights (3); large pistol primer (3); launcher sights mount (4); offset iron sights (4); pipe cleaner (0); pistol sights mount (4); pistol stock (3); pistol stock (4); pistol suppressor (4); replaceable furniture kit (4); replaceable stock kit (4); revolving shotgun (2); side mount (4); sights mount (4); small pistol primer (3); telescopic pistol sight (2); wood forward grip (3)	
Launchers	High Explosives Quarterly	0-1	40mm pipe launcher (4)	
Launchers	Jane's Mortars and Rocket Launchers	0-3	40mm pipe launcher (3); adjustable stock (4); barrel bomb (7); bipod (3); flamethrower fuel (2); forward grip (4); HE barrel bomb (7); HE keg bomb (7); HE pipe bomb (4); homemade demolition charge (4); improvised bomb (4); improvised HE bomb (4); improvised HE grenade (4); keg bomb (7); recoil stock (4); small improvised HE grenade (4); wood forward grip (4)	
Marksmanship	Ballistics: Theory, Design, and Application	0-2		Principles of Gunsmithing
Marksmanship	Guns n Ammo	0-1	bottom mount (4); iron sights (3); launcher sights mount (4); offset iron sights (4); pistol sights mount (4); replaceable furniture kit (4); replaceable stock kit (4); side mount (4); sights mount (4); speedloader chute, 4-round breaching shotgun (4); speedloader chute, 5-round hunting shotgun (4); speedloader chute, 6-round combat shotgun (4); speedloader chute, 8-round auto-loading shotgun (4); speedloader chute, 9-round combat shotgun (4); speedloader chute, Benelli Super (4)	
Marksmanship	Pocket Guide to Firearm Safety	0-2	mixed smokeless gunpowder (3)	
Marksmanship	The Gun Owner's Handbook	0-3	bottom mount (4); bow scope (3); flashlight pouch (1); gadget pouch (1); gas mask pouch (2); H2O pouch (2); iron sights (3); launcher sights mount (4); mixed smokeless gunpowder (2); offset iron sights (4); pistol sights mount (4); replaceable furniture kit (4); replaceable stock kit (4); side mount (4); sights mount (4); single pin bow sight (3); tactical grenade pouch (1); tactical holster (1); tactical radio pouch (1); tactical shotshell pouch (1); tactical tool pouch (1); triple stacker ammo pouch (2)	
Mechanics	army improvised field repairs manual	0-1	makeshift air filter (2); makeshift automotive filter (2); makeshift drive belt (1)	
Mechanics	Hot Rod Chassis & Suspension Handbook	7-8		
Mechanics	Internal Combustion Fundamentals	4-8		
Mechanics	lab journal-Curie	6-10		
Mechanics	makerspace kit instructions	0-0		
Mechanics	Mechanical Mastery	3-6	adjustable stock (3); block and tackle (3); chainsaw (off) (4); compensator (3); compound war bow (8); condensor coil (5); drive by wire controls (8); electric chainsaw (off) (4); ergonomic grip (3); evaporator coil (5); folding table (3); makeshift arc welder (2); metal butchering rack (3); metal smoking rack (3); minifreezer (5); pipe cleaner (0); plow (4); portable dishwasher (5); reaper (4); recharging station (7); reinforced headlight (3); reinforced security camera (3); reinforced wide-angle headlight (3); seed drill (4); spiked plating (4); steel boom (5); telescopic cantilever (2); vehicle controls (3); vehicle cooler (5); vehicle forge rig (6); vehicle kiln (6); vehicle scoop (4); washing machine (5); wooden block and tackle (1)	
Mechanics	Pneumatic Pnowledge	4-8	novelty pneumatic launcher (5)	Pneumatics
Mechanics	Popular Mechanics	0-1	hand-crank charger (3); pipe cleaner (0)	
Mechanics	robotics kit instructions	0-0		
Mechanics	standpipe maintenance log	1+	pipe cleaner (0)	
Mechanics	Stirling engine kit instructions	0-0		
Mechanics	Under the Hood	0-3	bear trap (2); bicycle alternator (2); bolt cutters (4); car battery (3); hacksaw (3); hand pump (4); large storage battery (3); makeshift arc welder (3); makeshift jack (1); makeshift vacuum mold (5); medium storage battery (3); minifreezer (5); motorbike alternator (2); motorbike battery (3); nut and bolt (3); pedal powered grindstone (3); scissor jack (2); small electric motor (2); telescopic cantilever (2); thread cutting set (3); tiny electric motor (2); vehicle controls (3); vehicle cooler (5); very large storage battery (3)	
Medicine	First Aid Kit Instruction Booklet	0-1		
Medicine	First Responder Handbook	3-6	anesthetic (6); Dakin's solution (2); hemostatic powder (3); rehydration drink (1); saline solution (2)	
Medicine	Guide to Advanced Emergency Care	5-8	bismuth subsalicylate (6); cattail jelly (1); Dakin's solution (2); filter mask (3); gas mask (3); hemostatic powder (4); rebreather oxygen regenerator cartridge (3); rebreather oxygen regenerator filler (3); rebreather scrubber cartridge, air tank (3); rebreather scrubber cartridge, oxygen tank (3); rebreather scrubbing filler (3); saline solution (3)	Field Medic
Medicine	Paramedics	0-1		
Medicine	Physicians' Desk Reference	0+		
Medicine	Pocket Guide to First Aid	0-2	makeshift stethoscope (1); saline solution (2)	
Medicine	Textbook of Advanced Toxicology	5-6	anesthetic (6); concentrated paralytic (5); concentrated venom (5); epinephrine autoinjector (7)	
Medicine	The Big Book of First Aid	0-3	makeshift stethoscope (1); rehydration drink (1); saline solution (2)	
Melee	Close Quarter Fighting Manual	0-3		
Melee	CQB Monthly	0-1		
Rifles	FM 23-16 Army marksmanship manual	0-3	.270 Winchester casing (5); .300BLK casing (5); adjustable stock (4); bipod (3); bottom mount (4); compensator (4); drop-in auto sear (5); ergonomic grip (4); flintlock carbine (5); flintlock musket (5); flintlock rifle (5); folding stock (4); forward grip (4); hand press (2); handmade double-barrel flintlock (2); handmade double-barrel flintlock (3); iron sights (3); launcher sights mount (4); lightning link (6); M240 select fire trigger (6); M249 select fire trigger (6); muzzle brake (5); offset iron sights (4); pipe cleaner (0); pistol sights mount (4); recoil stock (4); replaceable furniture kit (4); replaceable stock kit (4); side mount (4); sights mount (4); telescopic sight (2); wood forward grip (4)	
Rifles	Modern Rifleman	0-1	.223 Remington, black powder (2); .223 Remington, reloaded (2); .270 Winchester FMJ, black powder (3); .270 Winchester FMJ, reloaded (3); .270 Winchester JSP, black powder (3); .270 Winchester JSP, reloaded (3); .30 Carbine JSP, black powder (4); .30 Carbine JSP, matchhead powder (4); .30 Carbine JSP, reloaded (4); .30 Carbine, black powder (4); .30 Carbine, matchhead powder (4); .30 Carbine, reloaded (4); .30-06 5-round clip (3); .30-06 FMJ, black powder (4); .30-06 FMJ, reloaded (4); .30-06 JSP, black powder (4); .30-06 JSP, reloaded (4); .30-06 M2 AP, black powder (4); .30-06 M2 AP, reloaded (4); .300 AAC Blackout subsonic, black powder (4); .300 AAC Blackout subsonic, reloaded (4); .300 AAC Blackout, black powder (4); .300 AAC Blackout, reloaded (4); .300 Winchester Magnum, black powder (5); .300 Winchester Magnum, reloaded (5); .308 Winchester, black powder (4); .308 Winchester, reloaded (4); .45-70 +P penetrator, reloaded (4); .45-70 LFN, black powder (4); .45-70 LFN, reloaded (4); .45-70 SP, reloaded (4); .450 Bushmaster FTX, black powder (4); .450 Bushmaster FTX, reloaded (4); .450 Bushmaster Xtreme Hunter, black powder (4); .450 Xtreme Hunter, reloaded (4); .50 Beowulf XTP, black powder (4); .50 Beowulf XTP, reloaded (4); .50 Beowulf Xtreme Penetrator, black powder (4); .50 Beowulf Xtreme Penetrator, reloaded (4); 4.6x30mm, black powder (4); 4.6x30mm, reloaded (4); 5.45x39mm AP, black powder (3); 5.45x39mm AP, reloaded (3); 5.45x39mm, black powder (3); 5.45x39mm, reloaded (3); 5.56 NATO, black powder (4); 5.56 NATO, reloaded (4); 5.7x28mm, reloaded (4); 7.62x39mm 10-round clip (3); 7.62x39mm FMJ, black powder (3); 7.62x39mm FMJ, reloaded (3); 7.62x39mm JHP, black powder (3); 7.62x39mm JHP, reloaded (3); 7.62x51mm, black powder (4); 7.62x51mm, reloaded (4); 7.62x54mmR 5-round clip (3); 7.62x54mmR, black powder (4); 7.62x54mmR, reloaded (4); bottom mount (4); flintlock carbine (6); flintlock musket (6); flintlock rifle (6); handmade double-barrel flintlock (3); handmade double-barrel flintlock (4); iron sights (3); large rifle primer (3); launcher sights mount (4); M1 Garand 8-round clip (3); offset iron sights (4); pipe cleaner (0); pistol sights mount (4); replaceable furniture kit (4); replaceable stock kit (4); retooled STANAG 20-round magazine (2); retooled STANAG 20-round magazine with ranger plate (2); retooled STANAG 30-round magazine (2); retooled STANAG 30-round magazine with ranger plate (2); side mount (4); sights mount (4); small game rifle 19-round tube loader (3); small rifle primer (3); speedloader chute, 4-round breaching shotgun (4); speedloader chute, 5-round hunting shotgun (4); speedloader chute, 6-round combat shotgun (4); speedloader chute, 8-round auto-loading shotgun (4); speedloader chute, 9-round combat shotgun (4); speedloader chute, Benelli Super (4)	
Rifles	retool instructions	0-1		
Science	Advanced Physical Chemistry	5-7	acetic acid (2); acetic acid (6); acetic anhydride (5); acetone (4); acid soaked hide (3); antifungal drug (4); aspirin (2); baking soda (5); basic chemistry set (1); caffeine pill (7); calcium carbonate (1); calcium carbonate (4); calcium chloride (4); chemistry set (1); chloroform (4); citric acid (4); crack (4); diazepam (7); disposable watch battery (4); duct tape (3); dynamite (3); ether (7); ferric chloride (4); filter mask (4); formaldehyde (5); formic acid (2); formic acid (6); fungicide (2); gas mask (4); hard plating (6); heat pack (3); hemostatic powder (4); heroin (7); hydrochloric acid (2); hydrochloric acid (4); hydrochloric acid (6); insecticide (4); iodine crystals (3); ketene lamp (5); lead azide (7); liquid fertilizer (2); lye (3); lye (4); makeshift ammonia machine pipework (7); makeshift ammonia machine reactor (7); makeshift nitrogen generator (5); makeshift water electrolyzer (5); mercury fulminate (7); nitric acid (5); opium tar (2); oxidizer powder (4); oxycodone (6); potassium (4); potassium hydroxide (5); potassium iodide tablet (4); Prussian blue tablet (5); quicklime (3); rebreather mask (4); rebreather oxygen regenerator filler (4); rebreather scrubbing filler (4); red phosphorous (3); rubber cement (3); saline solution (4); smoke bomb (3); sodium (4); sodium carbonate (4); sodium carbonate (5); sprayable fungicide (4); sprayable insecticide (4); sprayable toxic gas (3); sugar (6); sugar (7); sulfuric acid (2); toluene (4); water purification tablet (5); white phosphorous (3)	Principles of Chemistry
Science	Art and Science of Chemical Warfare	4-6	acetylene (4); calcium carbide (4); filter mask (3); flamethrower fuel (2); gas mask (3); gelled gasoline (2); heavy survivor mask (9); improvised fungicide grenade (3); improvised gas grenade (3); improvised insecticide grenade (3); napalm (8); oxyacetylene (4); rebreather oxygen regenerator cartridge (4); rebreather oxygen regenerator filler (4); rebreather scrubber cartridge, air tank (4); rebreather scrubber cartridge, oxygen tank (4); rebreather scrubbing filler (4); red phosphorous (2); smoke bomb (2); sprayable fungicide (4); sprayable insecticide (4); sprayable toxic gas (3); survivor firemask (9); survivor half mask (9); survivor mask (9); white phosphorous (2)	
Science	Best Practices for Compound Delivery	6-8	aranean infusion (6); avian infusion (6); batrachian infusion (6); beast infusion (6); bovoid infusion (6); canine infusion (6); cephalopod infusion (6); chiropteran infusion (6); crustacean infusion (8); feline infusion (6); gastropod infusion (6); insect infusion (6); lagomorph infusion (6); medical infusion (7); medical sample (4); murine infusion (6); mutagen (5); mutagenic infusion (6); piscine infusion (6); plant infusion (6); purifier infusion (7); rattine infusion (6); reptilian infusion (6); slime infusion (6); troglobite infusion (6); ursine infusion (6)	
Science	Biodiesel: Renewable Fuel Resource	3-6	biodiesel (5)	
Science	Catalytic Cracking at Home for Solarpunks	5-7	kerosene (5)	
Science	chemical reference-CLASSIFIED	6-7	acetic acid (1); acetic acid (5); acetic anhydride (5); acetone (4); ANFO (5); antifungal drug (4); APEX (8); aspirin (2); baking soda (5); black gunpowder (4); caffeine pill (7); calcium carbonate (4); calcium chloride (4); chloroform (4); citric acid (4); crack (4); crystal meth (6); diazepam (6); epinephrine autoinjector (8); flashbang (5); formic acid (1); formic acid (5); fungicide (2); heroin (6); hexamine (5); HMTD (8); hydrochloric acid (1); hydrochloric acid (3); hydrochloric acid (5); hydrogen peroxide (3); hydrogen peroxide (concentrated) (4); improvised rocket fuel (4); insecticide (4); iodine crystals (3); ketene lamp (5); lead azide (7); liquid fertilizer (3); lye (3); makeshift ammonia machine pipework (7); makeshift ammonia machine reactor (7); makeshift nitrogen generator (5); makeshift water electrolyzer (5); medical sample (4); mercury fulminate (7); mutagen (5); mutagenic infusion (7); napalm (6); oxidizer powder (4); oxycodone (5); potassium iodide tablet (4); Prussian blue tablet (5); purifier (5); purifier infusion (7); RDX (8); rocket candy (3); saltpeter (4); sodium carbonate (4); sodium carbonate (5); sprayable fungicide (4); sprayable insecticide (4); sprayable toxic gas (3); sugar (6); sulfuric acid (1); water purification tablet (4)	
Science	Chemistry for Kids: Awesome Science Experiments that Really Work	0-3	aspirin (2); calcium carbonate (1); smoke bomb (2)	Principles of Chemistry
Science	chemistry textbook	3-6	acetic acid (2); acetic acid (6); acetic anhydride (6); acetone (5); acetylene (4); acid soaked hide (3); ANFO (7); antifungal drug (5); aspirin (2); baking soda (6); basic chemistry set (1); black gunpowder (5); calcium carbide (4); calcium carbonate (1); calcium carbonate (3); calcium chloride (5); chemistry set (1); chloroform (5); citric acid (5); copper pot (4); crack (4); denatured alcohol; diazepam (7); duct tape (3); dynamite (3); epinephrine autoinjector (8); ethanol; ether (4); filter mask (4); food dehydrator (5); formaldehyde (5); formic acid (2); formic acid (6); fungicide (2); gas mask (4); heat pack (3); heroin (7); hydrochloric acid (2); hydrochloric acid (3); hydrochloric acid (4); hydrochloric acid (6); hydrogen peroxide (3); hydrogen peroxide (concentrated) (4); improvised rocket fuel (5); incendiary (4); insecticide (4); iodine crystals (3); ketene lamp (6); liquid fertilizer (2); lye (3); nitric acid (5); opium tar (2); oxidizer powder (4); oxyacetylene (4); oxycodone (6); potassium (4); potassium hydroxide (4); potassium iodide tablet (4); Prussian blue tablet (6); quicklime (3); rebreather mask (4); rebreather oxygen regenerator filler (4); rebreather scrubbing filler (4); red phosphorous (3); rocket candy (5); rubber cement (3); saline solution (5); salt (4); saltpeter (4); smoke bomb (3); sodium (4); sodium carbonate (5); sodium carbonate (6); sprayable fungicide (4); sprayable insecticide (4); sprayable toxic gas (4); still (4); sugar (6); sugar (8); sulfuric acid (2); tanning fur pelt (4); tanning leather hide (4); tin powder (4); vegetable aspic (3); water purification tablet (5); white phosphorous (3); willowbark tea (4)	
Science	lab journal-Dionne	6-7	avian infusion (6); avian mutagen (6); batrachian infusion (6); batrachian mutagen (6); beast infusion (6); beast mutagen (5); beast sample (5); bovoid infusion (6); bovoid mutagen (6); canine infusion (6); canine mutagen (6); chimera sample (5); feline infusion (6); feline mutagen (6); lagomorph infusion (6); lagomorph mutagen (6); murine infusion (6); murine mutagen (6); mutagen (6); piscine infusion (6); piscine mutagen (6); reptilian infusion (6); reptilian mutagen (6); theropod sample (8); ursine infusion (6); ursine mutagen (6)	
Science	lab journal-Smythe	6-7	cephalopod infusion (6); cephalopod mutagen (6); chiropteran infusion (6); chiropteran mutagen (6); crustacean infusion (8); crustacean mutagen (8); gastropod infusion (6); gastropod mutagen (6); mutagen (6); plant infusion (6); plant mutagen (6); rattine infusion (6); rattine mutagen (6); slime infusion (6); slime mutagen (6); slime sample (6)	
Science	lab journal-x-|xp	6-7	aranean infusion (6); aranean mutagen (6); insect infusion (6); insect mutagen (6); mutagen (5); purifier (6); slime infusion (6); slime mutagen (6); slime sample (6); troglobite infusion (6); troglobite mutagen (6)	
Science	"PE023 ""Medical"": Application and Findings"	6-7	medical infusion (7); medical mutagen (7)	
Science	"PE050 ""Alpha"": Preliminary Report"	6-7	alpha infusion (7); alpha mutagen (7)	
Science	"PE065 ""Chimera"": Best Practices"	6-7	chimera infusion (6); chimera mutagen (7)	
Science	"PE070 ""Theropod"": Proposal"	8+	theropod infusion (7); theropod mutagen (7)	
Science	standpipe maintenance log	7+	sylvan infusion (8); sylvan mutagen (8); sylvan sample (6)	
Science	The Essential Oil Enthusiasts Handbook	4-6	cannabis distillate (4); cannabis shatter (4); cannabis wax (4); large closed loop extractor (5); makeshift essential oil extractor (3); plastic gasket set (2); recovery pump (3); small closed loop extractor (5)	
Science	The Modern Tanner	3-4	tanning fur pelt (4); tanning leather hide (4)	Principles of Leatherworking
Shotguns	Shotguns: The Art and Science	0-3	.410 000 shot, black powder (2); .410 000 shot, reloaded (2); .410 birdshot, black powder (2); .410 birdshot, reloaded (2); .410 slug, black powder (2); .410 slug, reloaded (2); .62 paper cartridge (3); 00 shot, black powder (2); 00 shot, reloaded (2); 12 gauge pistol (2); 12-gauge gatling gun (2); 40x46mm M118 buckshot, black powder (3); 40x46mm M118 buckshot, reloaded (3); 40x46mm M118 flechette, black powder (3); 40x46mm M118 flechette, reloaded (3); 40x46mm M118 slug, black powder (3); 40x46mm M118 slug, reloaded (3); 40x46mm M199 buckshot, black powder (3); 40x46mm M199 buckshot, reloaded (3); 40x46mm M199 flechette, black powder (3); 40x46mm M199 flechette, reloaded (3); 40x46mm M199 slug, black powder (3); 40x46mm M199 slug, reloaded (3); 40x53mm buckshot, black powder (3); 40x53mm buckshot, reloaded (3); 40x53mm flechette, black powder (3); 40x53mm flechette, reloaded (3); 40x53mm slug, black powder (3); 40x53mm slug, reloaded (3); adjustable stock (4); birdshot paper cartridge (3); birdshot, black powder (1); birdshot, reloaded (1); blunderbuss flechettes (2); blunderbuss scrap shot (2); blunderbuss shot (2); blunderbuss slug (2); bottom mount (4); buckshot paper cartridge (3); choke (4); compensator (4); double slam-fire pipe shotgun (1); dragon's breath shell, black powder (3); dragon's breath shell, reloaded (3); ergonomic grip (4); flechette shell, black powder (4); flechette shell, reloaded (4); folding stock (4); forward grip (4); hand press (2); iron sights (3); launcher sights mount (4); muzzle brake (5); offset iron sights (4); pipe cleaner (0); pistol sights mount (4); pyrotechnic paper cartridge (3); recoil stock (4); replaceable furniture kit (4); replaceable stock kit (4); revolving shotgun (2); shotgun primer (3); shotgun slug, black powder (3); shotgun slug, reloaded (3); side mount (4); sights mount (4); signal flare (2); slam-fire pipe shotgun (1); underslung shotgun (4); wax slug (3); wood forward grip (4)	
Shotguns	Trap and Field	0-1	bottom mount (4); iron sights (3); launcher sights mount (4); offset iron sights (4); pipe cleaner (0); pistol sights mount (4); replaceable furniture kit (4); replaceable stock kit (4); side mount (4); sights mount (4); speedloader chute, 4-round breaching shotgun (4); speedloader chute, 5-round hunting shotgun (4); speedloader chute, 6-round combat shotgun (4); speedloader chute, 8-round auto-loading shotgun (4); speedloader chute, 9-round combat shotgun (4); speedloader chute, Benelli Super (4); underslung shotgun (5)	
Socializing	Advanced Economics	3-6		
Socializing	Car Buyer's Guide	0-1		
Socializing	Dungeon Master's Guide	0-5		
Socializing	How to Succeed in Business	0-3		
Socializing	Nail Your Law Firm Interview	3-4		
Socializing	Principles of Effective Communication	3-6		
Socializing	Self-Esteem for Dummies	0-3		
Socializing	US Weekly	0-1		
Stabbing Weapons	Duelist's Annual	0-1		
Stabbing Weapons	FM 23-25 Army bayonet manual	0-3		
Stabbing Weapons	Spetsnaz Knife Techniques	1-4	dive knife (5); hunting knife (3); kukri (9); National Guard bayonet (4); pocket knife (3); punch dagger (3); switchblade (5); tanto (7); trench knife (4)	
Submachine Guns	Submachine Gun Enthusiast	0-1	bottom mount (4); iron sights (3); launcher sights mount (4); offset iron sights (4); pipe cleaner (0); pistol sights mount (4); replaceable furniture kit (4); replaceable stock kit (4); side mount (4); sights mount (4)	
Submachine Guns	The Submachine Gun Handbook	0-3	.38 Super FMJ, matchhead powder (1); .380 ACP +P, reloaded (3); .380 ACP FMJ, black powder (2); .380 ACP FMJ, matchhead powder (2); .380 ACP FMJ, reloaded (2); .380 ACP JHP, black powder (1); .380 ACP JHP, matchhead powder (1); .380 ACP JHP, reloaded (1); .45 ACP +P, reloaded (4); .45 ACP FMJ, black powder (3); .45 ACP JHP, black powder (2); .45 ACP JHP, matchhead powder (2); .45 ACP JHP, reloaded (2); .45 FMJ, matchhead powder (3); .45 FMJ, reloaded (3); 5.7x28mm, black powder (2); 9x19mm +P+, reloaded (4); 9x19mm +P, reloaded (3); 9x19mm FMJ, black powder (2); 9x19mm FMJ, matchhead powder (2); 9x19mm FMJ, reloaded (2); 9x19mm JHP, black powder (1); 9x19mm JHP, matchhead powder (1); 9x19mm JHP, reloaded (1); adjustable stock (4); bottom mount (4); compensator (4); ergonomic grip (4); folding stock (4); forward grip (4); hand press (2); iron sights (3); launcher sights mount (4); offset iron sights (4); pipe cleaner (0); pistol sights mount (4); pistol suppressor (4); recoil stock (4); replaceable furniture kit (4); replaceable stock kit (4); side mount (4); sights mount (4); TEC-9 full auto sear (5); wood forward grip (4)	
Tailoring	Beauty Magazine	0-1	straw fedora (1); sundress (1); turtleneck (1); turtleneck shirt (1)	
Tailoring	Boston AnimeCon magazine	0-1	costume dress (2); faux fur cat ears (3); faux fur cat tail (3); faux fur kitty collar (3); French maid hat (1); fur bikini top (1); fur kitty collar (3); fuzzy cat ears (3); fuzzy cat tail (3); leather bikini top (1); leather cat ears (3); leather cat tail (3); leather collar (3); skimpy costume dress (3); zentai (1)	Plastic Working; Principles of Leatherworking; Stretch Fabric
Tailoring	clothing designer's portfolio	5-8	boiled leather cow barding with caparison (5); boiled leather horse barding with caparison (5); breeches (2); chitin cow armor (5); chitin dog mesh harness (5); chitin horse armor (5); denim skirt (2); diving boots (4); diving gloves (4); diving socks (4); entry suit (8); faux fur coat (3); faux fur longcoat (3); faux fur pants (3); faux fur vest (3); flame-resistant cowl (5); flame-resistant gloves (5); flame-resistant socks (5); flame-resistant suit (7); fur vest (3); hard arm guards (3); horse tack (4); iron cow armor (5); iron horse armor (5); jeans (5); jumpsuit (4); Kevlar sheet (5); leather longcoat (4); leather skirt (2); long-sleeved jumpsuit (4); neoprene arm sleeves (3); skirt (5); sleeveless faux fur longcoat (3); sleeveless leather longcoat (4); spring suit (3); thermal electric balaclava (4); thermal electric gloves (4); thermal electric socks (4); thermal electric suit (4); western boots (5); wetsuit (4); wetsuit hood (4); work coveralls (4); XL sleeveless faux fur longcoat (3); XL sleeveless leather longcoat (4); XS sleeveless faux fur longcoat (3); XS sleeveless leather longcoat (4)	
Tailoring	Dieselpunk Designs	2-5	tire armor jacket (2); tire bracers (2); tire cuirass (2); tire greaves (2); tire tasset (2); XL tire bracers (2)	Garment Closures; Principles of Leatherworking
Tailoring	Friendly, Humane Fashion	2-5	faux fur boots (1); faux fur coat (2); faux fur gloves (1); faux fur hat (1); faux fur longcoat (2); faux fur pants (2); faux fur vest (2); fur vest (2); sleeveless faux fur longcoat (2); XL sleeveless faux fur longcoat (2); XS sleeveless faux fur longcoat (2)	Furriery
Tailoring	Sew Awesome Monthly	0-1	bikini bottoms (1); bikini top (1); boy shorts (1); briefs (1); compression shorts (2); glove liners (0); leather gloves (0); leggings (2); long underwear bottom (1); panties (1); straw fedora (1); sundress (1); turtleneck (1); turtleneck shirt (1); union suit (0); work gloves (3)	Garment Closures; Skilled Knitting
Tailoring	Sew What? Clothing!	0-3	bikini bottoms (1); bikini top (1); boy shorts (1); briefs (1); buckskin shirt (3); buckskin vest (3); cargo pants (2); cargo shorts (1); compression shorts (2); curved needle (3); denim skirt (2); diving boots (5); diving gloves (5); diving socks (5); electric blanket (2); faux fur gloves (1); fetlock furs (3); fingerless leather gloves (2); fur gloves (1); glove liners (1); hard arm guards (4); horse tack (5); hot pants (3); jean jacket (1); jean vest (1); jeans (3); jorts (3); jumpsuit (5); Kevlar sheet (4); leather dog harness (3); leather gloves (1); leather jacket (3); leather riding jacket (3); leather skirt (2); leather vest (3); leggings (2); long underwear bottom (1); long-sleeved jumpsuit (5); neoprene arm sleeves (4); panties (1); plastic shin guards (4); skirt (3); spring suit (4); straw fedora (1); sundress (1); tailor's kit (3); turtleneck (1); turtleneck shirt (1); union suit (0); wetsuit (5); wetsuit hood (5); work coveralls (5); work gloves (2)	Garment Closures; Stretch Fabric
Tailoring	Sewing Techniques for Designers	3-6	boiled leather cow barding with caparison (4); boiled leather horse barding with caparison (4); breeches (2); buckskin shirt (4); buckskin vest (4); cargo pants (2); chitin cow armor (5); chitin dog mesh harness (5); chitin horse armor (5); curved needle (3); denim skirt (2); diving boots (4); diving gloves (4); diving socks (4); electric blanket (2); faux fur coat (3); faux fur hat (2); faux fur longcoat (3); faux fur pants (3); faux fur vest (3); fetlock furs (2); fingerless leather gloves (2); flame-resistant cowl (5); flame-resistant gloves (5); flame-resistant socks (5); fur vest (3); hard arm guards (3); horse tack (4); hot pants (3); iron cow armor (5); iron horse armor (5); jean jacket (2); jean vest (2); jeans (3); jorts (3); jumpsuit (4); Kevlar sheet (4); leather dog harness (3); leather jacket (4); leather longcoat (4); leather riding jacket (4); leather skirt (2); leather vest (3); long-sleeved jumpsuit (4); neoprene arm sleeves (3); plastic shin guards (3); rollerblades (5); rollerskates (5); rubber cement (5); skirt (3); sleeveless faux fur longcoat (3); sleeveless leather longcoat (4); spring suit (3); straw fedora (0); tailor's kit (3); thermal electric balaclava (3); thermal electric gloves (3); thermal electric socks (3); thermal electric suit (3); union suit (0); western boots (4); wetsuit (4); wetsuit hood (4); work coveralls (4); XL sleeveless faux fur longcoat (3); XL sleeveless leather longcoat (4); XS sleeveless faux fur longcoat (3); XS sleeveless leather longcoat (4)	Garment Closures; Stretch Fabric
Tailoring	Traditional Japanese Kimono	3-6	geta (2); hakama (3); haori (5); kimono (4); straw cloak (6); tabi (2); yukata (3)	
Tailoring	Ye Scots Beuk o Tailorin'	2-5	bagpipes (3); kilt (3); leather kilt (3); utility kilt (4)	
Throwing	Diskobolus	0-1		
Throwing	The Complete Guide to Pitching	0-3		
Unarmed Combat	101 Wrestling Moves	0-3		
Unarmed Combat	MMA Monthly	0-1		
Vehicles	AAA Guide	0-3		
Vehicles	AAA Guide	0-4	ANFO (6); antenna (1); barrel bomb (8); black gunpowder (6); coilgun (6); directional antenna (5); drop-in auto sear (5); dynamite (2); electrohack (3); EMP bomb (5); flamethrower fuel (2); flashbang (7); full-auto varmint pistol (2); full-auto varmint rifle (2); gelled gasoline (2); Glock auto sear plate (5); HE barrel bomb (8); HE keg bomb (8); HE pipe bomb (5); homemade demolition charge (5); improvised bomb (5); improvised HE bomb (5); improvised HE grenade (5); improvised rocket fuel (5); incendiary (0); keg bomb (8); lightning link (3); mixed smokeless gunpowder (0); napalm (7); noise emitter (off) (2); portable soldering iron (1); programmable autopilot (3); radio (3); RDX (10); red phosphorous (3); rocket candy (4); saltpeter (7); small improvised HE grenade (5); smoke bomb (3); soldering iron (2); sprayable toxic gas (3); TEC-9 full auto sear (5); transponder circuit (3); UPS (off) (4); UPS conversion mod (3); white phosphorous (3)	
Vehicles	The Rules of the Road	0-3		
Vehicles	Top Gear magazine	0-1		
Other	cement bag		mortar (2)	
Other	CRC-Merck Handbook, 4th edition		cocaine topical cream (4)	
Other	Machinery's Handbook		fanning mill (1)	
Other	patient treatment records		purifier (7)	
Other	unmarked notebook		mutagen (6); purifier (6)	
Martial Arts Manuals	Beautiful Springtime	Wing Chun		
Martial Arts Manuals	Becoming One with the Tao	Tai Chi		
Martial Arts Manuals	Bōjutsu The Matsumoto System	Bōjutsu		
Martial Arts Manuals	Capoeira 100	Capoeira		
Martial Arts Manuals	Complete Krav Maga	Krav Maga		
Martial Arts Manuals	Essence of Ninjutsu	Ninjutsu		
Martial Arts Manuals	Fior Di Battaglia	Fior Di Battaglia		
Martial Arts Manuals	Historic European Swordfighting	Medieval Swordsmanship		
Martial Arts Manuals	Kerala's Ancient Martial Art	Kalaripayattu		
Martial Arts Manuals	Kodokan Judo	Judo		
Martial Arts Manuals	Las Nueve Reglas de la Montante	Barbaran Montante		
Martial Arts Manuals	Official Taekwondo Training Manual	Taekwondo		
Martial Arts Manuals	Practical Eskrima	Eskrima		
Martial Arts Manuals	Practical Pugilism	Boxing		
Martial Arts Manuals	The Black Snake	Snake Kung Fu		
Martial Arts Manuals	The Book of Five Rings	Niten Ichi-Ryu		
Martial Arts Manuals	The Deaf Leopard	Leopard Kung Fu		
Martial Arts Manuals	The Indonesian Warrior	Silat		
Martial Arts Manuals	The Jade Dragon	Dragon Kung Fu		
Martial Arts Manuals	The Modern Pankratiast	Pankration		
Martial Arts Manuals	The Modern Swordsman	Fencing		
Martial Arts Manuals	The Red Crane	Crane Kung Fu		
Martial Arts Manuals	The Shōtōkan Karate Handbook	Karate		
Martial Arts Manuals	The Spirit of Aikido	Aikido		
Martial Arts Manuals	The Ultimate Guide to Kickboxing	Kickboxing		
Martial Arts Manuals	The Way of the Spear	Sōjutsu		
Martial Arts Manuals	The White Tiger	Tiger Kung Fu		
Martial Arts Manuals	Ultimate Muay Thai	Muay Thai		
Martial Arts Manuals	Zui Quan and You	Zui Quan		
